playerID,salary1819,salary1920,salary2021,salary2122,salary2223,signedUsing,guaranteed
curryst01,37457154,40231758,43006362,45780966,NULL,Bird Rights,166476240
paulch01,35654150,38506482,41358814,44211146,NULL,NULL,159730592
westbru01,35654150,38178000,41006000,43848000,46662000,Bird Rights,158686150
jamesle01,35654150,37436858,39219565,41002273,NULL,NULL,113310573
griffbl01,32088932,34234964,36595996,38957028,NULL,Bird Rights,102919892
haywago01,31214295,32700690,34187085,NULL,NULL,Cap space,63914985
lowryky01,31200000,33296296,NULL,NULL,NULL,Bird Rights,64496296
georgpa01,30560700,33005556,35450412,37895268,NULL,Maximum Salary,99016668
conlemi01,30521116,32511623,34504132,NULL,NULL,Cap Space,85459122
hardeja01,30431854,37800000,40824000,43848000,46872000,Bird Rights,152903854
duranke01,30000000,31500000,NULL,NULL,NULL,NULL,30000000
millspa01,29730769,30500000,NULL,NULL,NULL,Cap space,29730769
horfoal01,28928710,30123015,NULL,NULL,NULL,Cap Space,28928710
lillada01,27977689,29802321,31626953,NULL,NULL,1st Round Pick,89406963
derozde01,27739975,27739975,27739975,NULL,NULL,Cap Space,55479950
boshch01,26837720,NULL,NULL,NULL,NULL,NULL,26837720
porteot01,26011913,27250576,28489239,NULL,NULL,Bird Rights,53262489
holidjr01,25976111,26131111,26131111,27020000,NULL,Bird Rights,78238333
mccolcj01,25759766,27556959,29354152,NULL,NULL,1st Round Pick,82670877
anthoca01,25534253,NULL,NULL,NULL,NULL,NULL,25534253
wiggian01,25467250,27270000,29290000,31310000,33330000,1st Round Pick,146667250
embiijo01,25467250,27270000,29290000,31310000,33330000,1st Round Pick,25467250
bealbr01,25434263,27093019,28751775,NULL,NULL,Cap Space,81279057
davisan02,25434263,27093019,28751775,NULL,NULL,1st Round Pick,52527282
drumman01,25434263,27093019,28751775,NULL,NULL,Cap Space,52527282
whiteha01,25434263,27093018,NULL,NULL,NULL,Cap Space,25434263
jokicni01,24605181,26573595,28542009,30510423,32478837,NULL,142710045
adamsst01,24157304,25842697,27528090,NULL,NULL,1st Round Pick,77528091
antetgi01,24157304,25842697,27528090,NULL,NULL,1st Round Pick,77528091
loveke01,24119025,28900000,31300000,31300000,28900000,Bird Rights,144519025
gasolma01,24119025,25595700,NULL,NULL,NULL,Bird Rights,24119025
parsoch01,24107258,25102511,NULL,NULL,NULL,Cap Space,49209769
barneha02,24107258,25102512,NULL,NULL,NULL,Cap Space,24107258
batumni01,24000000,25565217,27130434,NULL,NULL,Cap Space,49565217
goberru01,23241573,25008427,26525281,NULL,NULL,1st Round Pick,74775281
leonaka01,23114067,21329752,NULL,NULL,NULL,Bird Rights,23114067
jordade01,22900000,NULL,NULL,NULL,NULL,NULL,22900000
aldrila01,22347015,26000000,24000000,NULL,NULL,Cap Space,55347015
ibakase01,21666667,23271604,NULL,NULL,NULL,Cap space,44938271
gordoaa01,21590909,19863636,18136364,16409091,NULL,NULL,76000000
gallida01,21587579,22615559,NULL,NULL,NULL,Sign and Trade,44203138
oladivi01,21000000,21000000,21000000,NULL,NULL,1st Round Pick,63000000
butleji01,20445779,19841627,NULL,NULL,NULL,Bird Rights,20445779
anderry01,20421546,15600000,NULL,NULL,NULL,Cap Space,36021546
irvinky01,20099189,21329750,NULL,NULL,NULL,Bird Rights,20099189
parkeja01,20000000,20000000,NULL,NULL,NULL,NULL,20000000
lavinza01,19500000,19500000,19500000,19500000,NULL,NULL,78000000
johnsty01,19245370,19245370,NULL,NULL,NULL,Cap Space,19245370
walljo01,19169800,37800000,40824000,43848000,46872000,Bird Rights,141641800
hillge01,19000000,18000000,NULL,NULL,NULL,Cap space,20000000
teaguje01,19000000,19000000,NULL,NULL,NULL,Cap space,19000000
thompkl01,18988725,NULL,NULL,NULL,NULL,1st Round Pick,18988725
howardw01,18919725,NULL,NULL,NULL,NULL,NULL,18919725
kanteen01,18622514,NULL,NULL,NULL,NULL,NULL,18622514
matthwe02,18622514,NULL,NULL,NULL,NULL,NULL,18622514
noahjo01,18530000,6431666,6431666,6431666,NULL,NULL,37824998
crabbal01,18500000,18500000,NULL,NULL,NULL,Cap Space,18500000
dragigo01,18109175,19217900,NULL,NULL,NULL,Bird Rights,18109175
bazemke01,18089887,19269662,NULL,NULL,NULL,Cap Space,18089887
turneev01,17868852,18606557,NULL,NULL,NULL,Cap Space,36475409
greendr01,17469565,18539130,NULL,NULL,NULL,Bird Rights,36008695
thomptr01,17469565,18539130,NULL,NULL,NULL,Bird Rights,36008695
hardati02,17325000,18150000,18975000,NULL,NULL,Cap space,35475000
jacksre01,17043478,18086956,NULL,NULL,NULL,Bird Rights,35130434
fournev01,17000000,17000000,17000000,NULL,NULL,Cap Space,34000000
biyombi01,17000000,17000000,NULL,NULL,NULL,Cap Space,17000000
favorde01,16900000,16900000,NULL,NULL,NULL,NULL,16000000
valanjo01,16539326,17617977,NULL,NULL,NULL,1st Round Pick,16539326
harriga01,16517857,17839286,19160714,20482143,NULL,1st Round Pick,74000000
iguodan01,16000000,17185185,NULL,NULL,NULL,Bird Rights,33185185
mozgoti01,16000000,16720000,NULL,NULL,NULL,Cap Space,32720000
mahinia01,15944154,15450051,NULL,NULL,NULL,Cap Space,31394205
schrode01,15500000,15500000,15500000,NULL,NULL,1st Round Pick,46500000
carrode01,15400000,NULL,NULL,NULL,NULL,Cap Space,15400000
capelca01,15293104,16456522,17500000,18543478,19586957,NULL,87380061
dienggo01,15170787,16229213,17287640,NULL,NULL,1st Round Pick,48687640
gasolpa01,15100000,5100000,NULL,NULL,NULL,NULL,20200000
bledser01,15000000,15625000,16875000,18125000,19375000,Bird Rights,85000000
arizatr01,15000000,NULL,NULL,NULL,NULL,Cap Space,15000000
rubiori01,14975000,NULL,NULL,NULL,NULL,1st Round Pick,14975000
harrito02,14800000,NULL,NULL,NULL,NULL,Bird Rights,14800000
smithjr01,14720000,15680000,NULL,NULL,NULL,Bird Rights,18590000
johnsja01,14651700,15349400,16047100,NULL,NULL,Cap space,30001100
knighbr03,14631250,15643750,NULL,NULL,NULL,NULL,30275000
lopezro01,14357750,NULL,NULL,NULL,NULL,Cap Space,14357750
denglu01,14354067,4990000,4990000,4990000,NULL,NULL,29324067
willima02,14087500,15006250,NULL,NULL,NULL,Cap Space,14087500
gibsota01,14000000,NULL,NULL,NULL,NULL,Cap space,14000000
linje01,13768421,NULL,NULL,NULL,NULL,NULL,13768421
youngth01,13764045,NULL,NULL,NULL,NULL,Bird Rights,13764045
farieke01,13764045,NULL,NULL,NULL,NULL,NULL,13764045
chandty01,13585000,NULL,NULL,NULL,NULL,NULL,13585000
gortama01,13565218,NULL,NULL,NULL,NULL,NULL,13565218
zelleco01,13528090,14471910,15415730,NULL,NULL,1st Round Pick,43415730
gordoer01,13500375,14057730,NULL,NULL,NULL,Cap Space,27558105
inglejo01,13045455,11954546,10863637,NULL,NULL,Bird Rights,35863638
middlkh01,13000000,13000000,NULL,NULL,NULL,Bird Rights,13000000
kiddgmi01,13000000,13000000,NULL,NULL,NULL,1st Round Pick,13000000
plumlma01,12917808,14041096,NULL,NULL,NULL,Cap space,26958904
chandwi01,12800562,NULL,NULL,NULL,NULL,NULL,12800562
vucevni01,12750000,NULL,NULL,NULL,NULL,Bird Rights,12750000
clarkjo01,12500000,13437500,NULL,NULL,NULL,Cap Space,25937500
plumlmi01,12500000,12500000,NULL,NULL,NULL,Bird Rights,25000000
mirotni01,12500000,NULL,NULL,NULL,NULL,Cap space,12500000
evansty01,12400000,NULL,NULL,NULL,NULL,NULL,12400000
leeco01,12253780,12759670,NULL,NULL,NULL,Cap Space,25013450
hillso01,12252928,13258781,NULL,NULL,NULL,Cap Space,25511709
redicjj01,12250000,NULL,NULL,NULL,NULL,NULL,12250000
olynyke01,12137527,11667885,12198243,NULL,NULL,Cap space,23805412
riverau01,12000000,NULL,NULL,NULL,NULL,NULL,12000000
bradlav01,12000000,12960000,NULL,NULL,NULL,NULL,12000000
caldwke01,12000000,NULL,NULL,NULL,NULL,NULL,12000000
walkeke02,12000000,NULL,NULL,NULL,NULL,1st Round Pick,12000000
bartowi01,11830358,12960000,13920000,14880000,NULL,NULL,38710358
warretj01,11750000,10810000,11750000,12690000,NULL,1st Round Pick,47000000
randoza01,11692308,NULL,NULL,NULL,NULL,NULL,11692308
smartma01,11660716,12553471,13446428,14339285,NULL,NULL,51999900
millspa02,11571429,12428571,13285714,NULL,NULL,Bird Rights,37285714
waitedi01,11550000,12100000,12650000,NULL,NULL,Cap space,36300000
burksal01,11536515,NULL,NULL,NULL,NULL,1st Round Pick,11536515
hensojo01,11327466,9732396,NULL,NULL,NULL,1st Round Pick,21059862
asikom01,11286516,3000000,NULL,NULL,NULL,NULL,14286516
nurkiju01,11111111,12000000,12000000,12000000,NULL,NULL,39111111
shumpim01,11011234,NULL,NULL,NULL,NULL,Bird Rights,11011234
harklma01,10837079,11511234,NULL,NULL,NULL,Cap Space,22348313
snellto01,10607143,11392857,12178571,NULL,NULL,Cap space,22000000
leoname01,10595506,11286515,NULL,NULL,NULL,Cap Space,21882021
rosste01,10500000,NULL,NULL,NULL,NULL,Rookie scale extension,10500000
bogdabo02,10500000,NULL,NULL,NULL,NULL,Cap space,10500000
covinro01,10464092,11301219,12138345,12975471,NULL,Cap Space,46879127
gayru01,10087200,NULL,NULL,NULL,NULL,Non-Bird Rights,10087200
leuerjo01,10002681,9508043,NULL,NULL,NULL,Cap Space,19510724
roberan03,10000000,10740741,NULL,NULL,NULL,Bird Rights,20740741
greenda02,10000000,NULL,NULL,NULL,NULL,Bird Rights,10000000
collida01,10000000,NULL,NULL,NULL,NULL,Cap space,10000000
poweldw01,9631250,10259375,NULL,NULL,NULL,Cap Space,9631250
dellama01,9607500,9607500,NULL,NULL,NULL,Cap Space,19215000
exumda01,9600000,9600000,9600000,NULL,NULL,Cap Space,27300000
dudleja01,9530000,NULL,NULL,NULL,NULL,Cap Space,9530000
powelno01,9367200,10116576,10865952,11615328,NULL,Cap Space,30349728
richajo01,9367200,10100000,10800000,11600000,NULL,Minimum Salary,30267200
bogdabo01,9000000,8529386,NULL,NULL,NULL,Cap space,17529386
rondora01,9000000,NULL,NULL,NULL,NULL,NULL,9000000
mooreet01,8808685,8664928,NULL,NULL,NULL,Cap Space,17473613
koufoko01,8739500,NULL,NULL,NULL,NULL,Cap Space,8739500
grantje01,8653847,9346153,9346153,NULL,NULL,NULL,18000000
vanvlfr01,8653847,9000000,NULL,NULL,NULL,Bird Rights,17653847
anderky01,8641000,9073050,9505100,9937150,NULL,MLE,37156300
randlju01,8641000,9073050,NULL,NULL,NULL,MLE,8641000
morrima02,8600000,NULL,NULL,NULL,NULL,NULL,8600000
bayleje01,8575916,NULL,NULL,NULL,NULL,Cap Space,8575916
feliccr01,8470980,8156500,7529020,NULL,NULL,Cap space,24156500
fultzma01,8339880,9745200,12288697,NULL,NULL,1st Round Pick,18085080
harrijo01,8333333,7670000,NULL,NULL,NULL,Early Bird Rights,16003333
milescj01,8333333,8730158,NULL,NULL,NULL,MLE,8333333
livinsh01,8307692,7692308,NULL,NULL,NULL,Bird Rights,10307692
aytonde01,8165160,9562920,10018200,12632950,NULL,1st Round Pick,17728080
willilo02,8000000,8000000,1500000,NULL,NULL,Cap Space,16000000
templga01,8000000,NULL,NULL,NULL,NULL,Cap Space,8000000
tuckepj01,7969537,8349039,7969537,NULL,NULL,MLE,18887764
josepco01,7945000,NULL,NULL,NULL,NULL,Cap Space,7945000
greenja01,7866667,NULL,NULL,NULL,NULL,Bird Rights,7866667
townska01,7839435,27250000,29430000,31610000,33790000,1st round pick,163709435
korveky01,7560000,7500000,NULL,NULL,NULL,Bird Rights,11000000
lambje01,7488372,NULL,NULL,NULL,NULL,Rookie scale extension,7488372
arthuda01,7464912,NULL,NULL,NULL,NULL,NULL,7464912
balllo01,7461960,8719320,11003782,NULL,NULL,1st Round Pick,16181280
mcderdo01,7333334,7333334,7333333,NULL,NULL,NULL,22000001
crowdja01,7305825,7815533,NULL,NULL,NULL,Bird Rights,15121358
baglema01,7305600,8556120,8963640,11312114,NULL,1st Round Pick,15861720
augusdj01,7250000,7250000,NULL,NULL,NULL,Cap Space,14500000
dedmode01,7200000,NULL,NULL,NULL,NULL,Cap space,7200000
thomala01,7119650,7583975,NULL,NULL,NULL,Cap Space,8119650
russeda01,7019698,NULL,NULL,NULL,NULL,1st round pick,7019698
gallola01,7000000,7333333,NULL,NULL,NULL,MLE,14333333
bertada01,7000000,7000000,NULL,NULL,NULL,Early Bird Rights,14000000
ilyaser01,7000000,7000000,7000000,NULL,NULL,MLE,14000000
marjabo01,7000000,NULL,NULL,NULL,NULL,Cap Space,7000000
aminual01,6957105,NULL,NULL,NULL,NULL,Cap Space,6957105
tatumja01,6700800,7830000,9897120,NULL,NULL,1st Round Pick,14530800
doncilu01,6560640,7683360,8049360,10174391,NULL,1st Round Pick,14244000
bjeline01,6500000,6825000,7150000,NULL,NULL,NULL,13325000
hezonma01,6500000,NULL,NULL,NULL,NULL,MLE,6500000
simmobe01,6434520,8113930,NULL,NULL,NULL,1st Round pick,14548450
teodomi01,6300000,NULL,NULL,NULL,NULL,NULL,6300000
ellinwa01,6270000,NULL,NULL,NULL,NULL,NULL,6270000
belinma01,6153846,5846154,NULL,NULL,NULL,MLE,12000000
johnswe01,6134520,NULL,NULL,NULL,NULL,Cap Space,6134520
jacksjo02,6041520,7059480,8930242,NULL,NULL,1st Round Pick,13101000
harremo01,6000000,6000000,NULL,NULL,NULL,NULL,12000000
simmojo02,6000000,5700000,NULL,NULL,NULL,Cap space,7000000
smithis01,6000000,NULL,NULL,NULL,NULL,Cap Space,6000000
jacksja02,5915040,6927480,7257360,9180560,NULL,1st Round Pick,12842520
ingrabr01,5757120,7265485,NULL,NULL,NULL,1st Round pick,13022605
tollian01,5750000,NULL,NULL,NULL,NULL,MLE,5750000
porzikr01,5697054,NULL,NULL,NULL,NULL,1st round pick,5697054
willide01,5474787,5474787,NULL,NULL,NULL,NULL,10949574
foxde01,5470920,6392760,8099627,NULL,NULL,1st Round Pick,11863680
mclembe01,5460000,NULL,NULL,NULL,NULL,NULL,5460000
abrinal01,5455236,NULL,NULL,NULL,NULL,NULL,5455236
pattepa01,5451600,5711200,NULL,NULL,NULL,MLE,5451600
smithja02,5450000,NULL,NULL,NULL,NULL,Cap Space,5450000
morrima03,5375000,NULL,NULL,NULL,NULL,Bird Rights,5375000
youngtr01,5356440,6273000,6571800,8326471,NULL,1st Round Pick,11629440
howardw01,5337000,5603850,NULL,NULL,NULL,MLE,5337000
couside01,5337000,NULL,NULL,NULL,NULL,MLE,5337000
smithjo03,5331729,5331729,NULL,NULL,NULL,NULL,10663458
ajincal01,5285394,NULL,NULL,NULL,NULL,NULL,5285394
sefolth01,5250000,NULL,NULL,NULL,NULL,Cap space,5250000
baynear01,5193600,5453280,NULL,NULL,NULL,NULL,5193600
brownja02,5169960,6534829,NULL,NULL,NULL,1st Rd pick,11704789
beverpa01,5027028,NULL,NULL,NULL,NULL,Bird Rights,5027028
parketo01,5000000,5000000,NULL,NULL,NULL,MLE,10000000
muscami01,5000000,NULL,NULL,NULL,NULL,Cap space,5000000
nowitdi01,5000000,NULL,NULL,NULL,NULL,Cap Space,5000000
isaacjo01,4969080,5806440,7362566,NULL,NULL,1st Round Pick,10775520
bambamo01,4865040,5697600,5969040,7568742,NULL,1st Round Pick,24100422
caulewi01,4696875,NULL,NULL,NULL,NULL,1st round pick,4696875
bendedr01,4661280,NULL,NULL,NULL,NULL,1st Round pick,4661280
bakerro01,4544400,NULL,NULL,NULL,NULL,NULL,4544400
markkla01,4536120,5300400,6731508,NULL,NULL,1st Round Pick,9836520
stephla01,4449000,NULL,NULL,NULL,NULL,NULL,4449000
oquinky01,4449000,NULL,NULL,NULL,NULL,Room Exception,4449000
davised01,4449000,NULL,NULL,NULL,NULL,Room Exception,4449000
cartewe01,4441200,5201400,5448840,6920027,NULL,1st Round Pick,9642600
holidju01,4384616,NULL,NULL,NULL,NULL,MLE,4384616
lenal01,4350000,4160000,NULL,NULL,NULL,Room Exception,8510000
scottmi01,4320500,NULL,NULL,NULL,NULL,MLE,4320500
mbahalu01,4320500,NULL,NULL,NULL,NULL,MLE,4320500
mudiaem01,4294480,NULL,NULL,NULL,NULL,1st round pick,4294480
dunnkr01,4221000,5348007,NULL,NULL,NULL,1st Round pick,9569007
ntilila01,4155720,4855800,6176578,NULL,NULL,1st Round Pick,9011520
robingl02,4075000,4150000,NULL,NULL,NULL,MLE,4075000
sextoco01,4068600,4764960,4991880,6349671,NULL,1st Round Pick,8833560
jeffeal01,4000000,NULL,NULL,NULL,NULL,NULL,4000000
johnsst04,3940402,NULL,NULL,NULL,NULL,1st round pick,3940402
hieldbu01,3833760,4861208,NULL,NULL,NULL,1st Round pick,8694968
smithde03,3819960,4463640,5686677,NULL,NULL,1st Round Pick,8283600
knoxke01,3739920,4380120,4588680,5845978,NULL,1st Round Pick,8120040
bareajo01,3710850,NULL,NULL,NULL,NULL,Cap Space,3710850
hilarne01,3651480,3825360,NULL,NULL,NULL,Non-Bird Rights,7476840
colliza01,3628920,4240200,5406255,NULL,NULL,1st Round Pick,7869120
kaminfr01,3627842,NULL,NULL,NULL,NULL,1st round pick,3627842
bridgmi01,3552960,4161000,4359000,5557725,NULL,1st Round Pick,7713960
teletmi01,3500000,3500000,3500000,NULL,NULL,NULL,10500000
beaslmi01,3500000,NULL,NULL,NULL,NULL,NULL,3500000
murraja01,3499800,4444746,NULL,NULL,NULL,1st Round pick,7944546
hoodro01,3472887,NULL,NULL,NULL,NULL,NULL,3472887
meeksjo01,3454500,NULL,NULL,NULL,NULL,NULL,3454500
winslju01,3448926,13000000,13000000,13000000,NULL,1st round pick,29448926
monkma01,3447480,4028400,5345687,NULL,NULL,1st Round Pick,7475880
turnemy01,3410284,18000000,18000000,18000000,18000000,1st round pick,75410284
trieral01,3382000,3551100,NULL,NULL,NULL,Bi-Annual Exception,3382000
lopezbr01,3382000,NULL,NULL,NULL,NULL,Bi-annual Exception,3382000
gilgesh01,3375360,3952920,4141320,5495532,NULL,1st Round Pick,7328280
lylestr01,3364249,NULL,NULL,NULL,NULL,1st round pick,3364249
udohek01,3360000,NULL,NULL,NULL,NULL,Room Exception,3360000
bookede01,3314365,27250000,29430000,31610000,33790000,1st round pick,161364365
kennalu01,3275280,3827160,5273826,NULL,NULL,1st Round Pick,7102440
payneca01,3263295,NULL,NULL,NULL,NULL,NULL,3263295
danietr01,3258539,NULL,NULL,NULL,NULL,Cap Space,3258539
oubreke01,3208630,NULL,NULL,NULL,NULL,1st round pick,3208630
bridgmi02,3206640,3755400,3934320,5421493,NULL,1st Round Pick,6962040
chrisma01,3206160,NULL,NULL,NULL,NULL,1st Rd pick,3206160
satorto01,3129187,NULL,NULL,NULL,NULL,Cap Space,3129187
forbebr01,3125000,2875000,NULL,NULL,NULL,Early Bird Rights,6000000
mitchdo01,3111480,3635760,5195501,NULL,NULL,1st Round Pick,6747240
roziete01,3050390,NULL,NULL,NULL,NULL,1st round pick,3050390
robinje01,3046200,3567720,3737520,5340916,NULL,1st Round Pick,6613920
ferreyo01,3000000,3150000,NULL,NULL,NULL,Cap Space,3000000
paytoel01,3000000,NULL,NULL,NULL,NULL,Bi-annual Exception,3000000
adebaba01,2955840,3454080,5115492,NULL,NULL,1st Round Pick,6409920
poeltja01,2947320,3754886,NULL,NULL,NULL,1st Round pick,6702206
portemi01,2894160,3389400,3550800,5258735,NULL,1st Round Pick,6283560
nichoan01,2844429,2844429,2844429,2844429,2844429,NULL,17066574
jacksju01,2807880,3280920,5029650,NULL,NULL,1st Round Pick,6088800
makerth01,2799720,3569643,NULL,NULL,NULL,1st Round pick,6369363
curryse01,2795000,NULL,NULL,NULL,NULL,MLE,2795000
osmande01,2775000,2907143,NULL,NULL,NULL,MLE,5682143
dekkesa01,2760095,NULL,NULL,NULL,NULL,1st Round pick,2760095
browntr01,2749080,3219480,3372840,5170564,NULL,1st Round Pick,5968560
yabusgu01,2667600,3117240,4781846,NULL,NULL,1st Round Pick,5784840
pattoju01,2667600,NULL,NULL,NULL,NULL,1st Round Pick,2667600
sabondo01,2659800,3529555,NULL,NULL,NULL,1st Round pick,6189355
grantje02,2639314,NULL,NULL,NULL,NULL,1st Round pick,2639314
smithzh01,2611800,3058800,3204600,4915856,NULL,1st Round Pick,5670600
wrighde01,2536898,NULL,NULL,NULL,NULL,1st Round pick,2536898
wilsodj01,2534280,2961120,4548280,NULL,NULL,1st Round Pick,5495400
saricda01,2526840,3481986,NULL,NULL,NULL,1st Round pick,6008826
princta02,2526840,3481986,NULL,NULL,NULL,1st Round pick,6008826
anderju01,2516048,NULL,NULL,NULL,NULL,1st Round pick,2516048
ginobma01,2500000,NULL,NULL,NULL,NULL,NULL,2500000
cunnida01,2500000,NULL,NULL,NULL,NULL,Bi-annual Exception,2500000
bullore01,2500000,NULL,NULL,NULL,NULL,Cap space,2500000
portibo01,2494346,NULL,NULL,NULL,NULL,1st Round pick,2494346
divindo01,2481000,2905800,3044160,4675830,NULL,1st Round Pick,5386800
holliro01,2470357,NULL,NULL,NULL,NULL,1st Round pick,2470357
jonesty01,2444053,NULL,NULL,NULL,NULL,1st Round pick,2444053
martija01,2416222,NULL,NULL,NULL,NULL,1st Round pick,2416222
leaftj01,2407560,2813280,4326825,NULL,NULL,1st Round Pick,5220840
greenje02,2393887,NULL,NULL,NULL,NULL,Minimum Salary,2393887
johnsam01,2393887,NULL,NULL,NULL,NULL,Minimum Salary,2393887
feltora01,2393887,NULL,NULL,NULL,NULL,Minimum Salary,2393887
denglu01,2393887,NULL,NULL,NULL,NULL,NULL,2393887
wadedw01,2393887,NULL,NULL,NULL,NULL,Minimum Salary,2393887
hasleud01,2393887,NULL,NULL,NULL,NULL,Minimum Salary,2393887
mcgeeja01,2393887,NULL,NULL,NULL,NULL,Minimum Salary,2393887
greenge01,2393887,NULL,NULL,NULL,NULL,Minimum Salary,2393887
bogutan01,2393887,NULL,NULL,NULL,NULL,Minimum Salary,2393887
caldejo01,2393887,NULL,NULL,NULL,NULL,Minimum Salary,2393887
pachuza01,2393887,NULL,NULL,NULL,NULL,Minimum Salary,2393887
harride01,2393887,NULL,NULL,NULL,NULL,Minimum Salary,2393887
fryech01,2393887,NULL,NULL,NULL,NULL,Minimum Salary,2393887
anthoca01,2393887,NULL,NULL,NULL,NULL,NULL,2393887
cartevi01,2393887,NULL,NULL,NULL,NULL,Minimum Salary,2393887
crawfja01,2393887,NULL,NULL,NULL,NULL,NULL,NULL
chandty01,2393887,NULL,NULL,NULL,NULL,NULL,NULL
ellinwa01,2383076,NULL,NULL,NULL,NULL,NULL,2383076
walkelo01,2357160,2760480,2892000,4447896,NULL,1st Round Pick,5117640
crawfja01,2304226,NULL,NULL,NULL,NULL,NULL,2304226
collijo01,2299080,2686560,4137302,NULL,NULL,1st Round Pick,4985640
valende01,2280600,3377569,NULL,NULL,NULL,1st Round pick,5658169
nancela02,2272391,12727273,11709091,10690909,9672727,1st Round pick,47072391
huertke01,2250960,2636280,2761920,4253357,NULL,1st Round Pick,4887240
ellismo01,2245400,2245400,2245400,2245400,NULL,NULL,8981600
gilesha01,2207040,2578800,3976510,NULL,NULL,1st Round Pick,4785840
milleda01,2205000,NULL,NULL,NULL,NULL,MLE,2205000
rosede01,2176260,NULL,NULL,NULL,NULL,Minimum Salary,2176260
casspom01,2176260,NULL,NULL,NULL,NULL,NULL,2176260
hernaju01,2166360,3321030,NULL,NULL,NULL,1st Round pick,5487390
pondequ01,2165481,NULL,NULL,NULL,NULL,NULL,2165481
jerebjo01,2165481,NULL,NULL,NULL,NULL,Minimum Salary,2165481
monrogr01,2165481,NULL,NULL,NULL,NULL,NULL,2165481
okogijo01,2160720,2530680,2651040,4087904,NULL,1st Round Pick,4691400
netora01,2150000,2150000,NULL,NULL,NULL,NULL,2150000
barnema02,2133542,2133541,NULL,NULL,NULL,NULL,4267083
fergute01,2118840,2475840,3944013,NULL,NULL,1st Round Pick,4594680
allengr01,2074320,2429400,2545320,4054695,NULL,1st Round Pick,4503720
allenja01,2034120,2376840,3909902,NULL,NULL,1st Round Pick,4410960
thomais02,2029463,NULL,NULL,NULL,NULL,Minimum Salary,2029463
macksh01,2029463,NULL,NULL,NULL,NULL,Minimum Salary,2029463
hawessp01,2007058,2007058,NULL,NULL,NULL,NULL,4014116
papagge01,2000400,NULL,NULL,NULL,NULL,NULL,2000400
craigto01,2000000,2100000,NULL,NULL,NULL,MLE,4100000
breweco01,2000000,NULL,NULL,NULL,NULL,NULL,2270496
hutchch01,1991520,2332320,2443440,4019459,NULL,1st Round Pick,4323840
anunoog01,1952760,2281800,3872215,NULL,NULL,1st Round Pick,4234560
zizican01,1952760,2281800,3872215,NULL,NULL,1st Round Pick,4234560
napiesh01,1942422,1845301,NULL,NULL,NULL,Cap Space,1942422
varejan01,1913345,1913345,1913345,NULL,NULL,NULL,5740035
holidaa01,1911960,2239200,2345640,3980551,NULL,1st Round Pick,4151160
duncati01,1881250,NULL,NULL,NULL,NULL,NULL,1881250
lydonty01,1874640,NULL,NULL,NULL,NULL,1st Round Pick,1874640
sandela01,1865547,1865547,1865547,1865547,NULL,NULL,7462188
ellenhe01,1857480,NULL,NULL,NULL,NULL,NULL,1857480
simonan01,1835520,2149560,2252040,3938818,NULL,1st Round Pick,3985080
burketr01,1795015,NULL,NULL,NULL,NULL,Minimum Salary,1795015
beaslma01,1773840,2731714,NULL,NULL,NULL,1st Round pick,4505554
wagnemo01,1762080,2063520,3893618,2161920,NULL,1st Round Pick,3825600
noelne01,1757429,1988119,NULL,NULL,NULL,Minimum Salary,1757429
clarkia01,1757429,NULL,NULL,NULL,NULL,Minimum Salary,1757429
swanica01,1740000,2033160,3665787,NULL,NULL,1st Round Pick,3773160
korkmfu01,1740000,NULL,NULL,NULL,NULL,1st Round Pick,1740000
noahjo01,1731173,NULL,NULL,NULL,NULL,NULL,NULL
shamela01,1703640,1995120,2090040,3768342,NULL,1st Round Pick,3698760
leverca01,1702800,2625718,NULL,NULL,NULL,1st Round pick,4328518
boldejo01,1690000,1698450,1766550,1845000,NULL,NULL,3388450
kuzmaky01,1689840,1974600,3562178,NULL,NULL,1st Round Pick,3664440
bradlto01,1679520,1962360,3542060,NULL,NULL,1st Round Pick,3641880
whitede01,1667160,1948080,3516284,NULL,NULL,1st Round Pick,3615240
dinwisp01,1656092,10600000,11400000,12300000,NULL,Minimum Salary,23656092
brookma01,1656092,NULL,NULL,NULL,NULL,NULL,1656092
hartjo01,1655160,1934160,3491159,NULL,NULL,1st Round Pick,3589320
williro04,1654440,1937520,2029920,3661976,NULL,1st Round Pick,3591960
evansja02,1644240,1925880,2017320,3641263,NULL,1st Round Pick,3570120
connapa01,1641000,1719000,NULL,NULL,NULL,NULL,1641000
bembrde01,1634640,2603982,NULL,NULL,NULL,1st Round pick,4238622
musadz01,1632240,1911600,2002800,3615054,NULL,1st Round Pick,3543840
ennisja01,1621415,1845301,NULL,NULL,NULL,NULL,1621415
vonleno01,1621415,NULL,NULL,NULL,NULL,Minimum Salary,1621415
fraziti01,1621415,NULL,NULL,NULL,NULL,NULL,1621415
stausni01,1621415,NULL,NULL,NULL,NULL,NULL,1621415
spellom01,1620480,1897800,1988280,3588845,NULL,1st Round Pick,3518280
kornelu01,1619000,NULL,NULL,NULL,NULL,NULL,1619000
kurucro01,1618320,1699236,1780152,1861068,NULL,NULL,5097708
holmeri01,1600520,NULL,NULL,NULL,NULL,Cap Space,1600520
mccontj01,1600520,NULL,NULL,NULL,NULL,Minimum Salary,1600520
richama01,1569360,NULL,NULL,NULL,NULL,NULL,1569360
okafoja01,1567007,1702486,NULL,NULL,NULL,Minimum Salary,1567007
looneke01,1567007,NULL,NULL,NULL,NULL,NULL,1567007
mejrisa01,1567007,NULL,NULL,NULL,NULL,NULL,1567007
siakapa01,1544951,2351839,NULL,NULL,NULL,1st Round pick,3896790
labissk01,1544951,2338847,NULL,NULL,NULL,1st Round pick,3883798
murrade01,1544951,2321735,NULL,NULL,NULL,1st Round pick,3866686
jonesda03,1544951,2305057,NULL,NULL,NULL,1st Round pick,3850008
davisde01,1544951,NULL,NULL,NULL,NULL,NULL,1544951
laymaja01,1544951,NULL,NULL,NULL,NULL,Cap Space,1544951
diallch01,1544951,NULL,NULL,NULL,NULL,Minimum Salary,1544951
brogdma01,1544951,NULL,NULL,NULL,NULL,Cap Space,1544951
mcgruro01,1544951,NULL,NULL,NULL,NULL,Minimum Salary,1544951
zubaciv01,1544951,NULL,NULL,NULL,NULL,Cap Space,1544951
baldwwa01,1544951,NULL,NULL,NULL,NULL,NULL,1544951
cookqu01,1544951,NULL,NULL,NULL,NULL,NULL,1544951
onuakch01,1544951,NULL,NULL,NULL,NULL,NULL,1544951
finnedo01,1544951,NULL,NULL,NULL,NULL,Minimum Salary,1544951
hernawi01,1544951,1701735,NULL,NULL,NULL,Cap Space,1544951
luwawti01,1544951,NULL,NULL,NULL,NULL,1st Round pick,1544951
seldewa01,1544951,NULL,NULL,NULL,NULL,NULL,1544951
niangge01,1512601,1645357,1783557,NULL,NULL,NULL,1512601
woodch01,1512601,NULL,NULL,NULL,NULL,Minimum Salary,1512601
jonesde02,1512601,1645357,NULL,NULL,NULL,Minimum Salary,1512601
nwabada01,1512601,NULL,NULL,NULL,NULL,Minimum Salary,1512601
grahatr01,1512601,1645357,NULL,NULL,NULL,Minimum Salary,1512601
mykhasv01,1487694,1416852,1663861,NULL,NULL,Cap Space,1487694
robinmi01,1485440,1559712,1663861,1802057,NULL,MLE,3045152
belljo01,1378252,NULL,NULL,NULL,NULL,Minimum Salary,1378252
jacksfr01,1378242,1618520,NULL,NULL,NULL,MLE,1884242
bryanth01,1378242,NULL,NULL,NULL,NULL,Minimum Salary,1378242
onealro01,1378242,1618520,NULL,NULL,NULL,Cap space,1378242
masonfr01,1378242,1618520,NULL,NULL,NULL,NULL,1378242
reedda01,1378242,NULL,NULL,NULL,NULL,NULL,1378242
iwundwe01,1378242,1618520,NULL,NULL,NULL,NULL,1378242
birchkh01,1378242,NULL,NULL,NULL,NULL,Minimum Salary,1378242
naderab01,1378242,1618520,1752950,NULL,NULL,NULL,1378242
dotsoda01,1378242,1618520,NULL,NULL,NULL,Minimum Salary,1378242
brownst02,1378242,1618520,NULL,NULL,NULL,MLE,1378242
zagorra01,1378242,NULL,NULL,NULL,NULL,NULL,1378242
brookdi01,1378242,1618520,NULL,NULL,NULL,MLE,1378242
dorsety01,1378242,NULL,NULL,NULL,NULL,Minimum Salary,1378242
rabbiv01,1378242,1618520,NULL,NULL,NULL,MLE,1378242
evansja01,1378242,NULL,NULL,NULL,NULL,NULL,1378242
thornsi01,1378242,1618520,NULL,NULL,NULL,MLE,1378242
anigbik01,1378242,NULL,NULL,NULL,NULL,NULL,1378242
klebima01,1378242,NULL,NULL,NULL,NULL,Minimum Salary,1378242
bacondw01,1378242,1618520,NULL,NULL,NULL,MLE,1378242
ojelese01,1378242,1618520,1752950,NULL,NULL,NULL,1378242
theisda01,1378242,NULL,NULL,NULL,NULL,Minimum Salary,1378242
martike02,1360304,NULL,NULL,NULL,NULL,NULL,1360304
morrimo01,1349383,1588231,1663861,NULL,NULL,Minimum Salary,2937614
blakean01,1349383,1588231,NULL,NULL,NULL,Minimum Salary,2937614
wallaty01,1349383,1588231,NULL,NULL,NULL,Minimum Salary,1349383
mckinal01,1349383,1588231,NULL,NULL,NULL,Minimum Salary,1349383
arcidry01,1349383,NULL,NULL,NULL,NULL,Minimum Salary,1349383
birdja01,1349383,NULL,NULL,NULL,NULL,NULL,1349383
hamilda02,1349383,NULL,NULL,NULL,NULL,NULL,1349383
harrish01,1311265,NULL,NULL,NULL,NULL,NULL,1311265
okoboel01,1238464,1416852,1663861,1802057,NULL,NULL,2655316
brunsja01,1230000,1416582,1663861,1802057,NULL,Cap Space,4310443
cartemi01,1200000,NULL,NULL,NULL,NULL,NULL,1200000
riverau01,1155323,NULL,NULL,NULL,NULL,NULL,1155323
frazime01,1050000,1416852,1663861,NULL,NULL,MLE,2466852
bongais01,1000000,1663861,1416852,NULL,NULL,NULL,2663861
hamilju01,1000000,1000000,NULL,NULL,NULL,NULL,2000000
macksh01,1000000,NULL,NULL,NULL,NULL,NULL,1000000
singlky01,999200,999200,999200,999200,999200,NULL,4996000
grahade01,988464,1416852,1663861,NULL,NULL,MLE,2405316
taylois01,950000,NULL,NULL,NULL,NULL,NULL,950000
meltode01,949000,1416852,NULL,NULL,NULL,NULL,2365852
thompja02,945126,NULL,NULL,NULL,NULL,NULL,945126
farieke01,917272,NULL,NULL,NULL,NULL,NULL,917272
randlch01,869094,NULL,NULL,NULL,NULL,Minimum Salary,869094
trentga02,838464,1416852,1663861,NULL,NULL,MLE,3919177
diallha01,838464,1416852,1663861,NULL,NULL,MLE,2255316
bateske01,838464,1416852,1663861,NULL,NULL,MLE,2255316
carteje01,838464,1416852,NULL,NULL,NULL,MInimum Salary,2255316
brownbr01,838464,1416852,1663861,NULL,NULL,MLE,2255316
vandeja01,838464,1663861,1416852,NULL,NULL,MLE,2255316
thomakh01,838464,838464,1663861,NULL,NULL,MLE,1676928
briscis01,838464,1663861,838464,NULL,NULL,MLE,1338464
metuch01,838464,NULL,NULL,NULL,NULL,MLE,838464
willike04,838464,1416852,NULL,NULL,NULL,Minimum Salary,838464
johnsal02,838464,1416852,NULL,NULL,NULL,Minimum Salary,838464
harteis01,838464,1416852,1663861,NULL,NULL,MLE,838464
spaldra01,838464,NULL,NULL,NULL,NULL,NULL,838464
broekry01,838464,1443842,NULL,NULL,NULL,NULL,838464
wanambr01,838464,NULL,NULL,NULL,NULL,Minimum Salary,838464
webstma02,833333,NULL,NULL,NULL,NULL,NULL,833333
brownlo01,800000,NULL,NULL,NULL,NULL,NULL,800000
mccawpa01,786000,NULL,NULL,NULL,NULL,NULL,786000
matthwe02,737715,NULL,NULL,NULL,NULL,NULL,737715
linje01,697000,NULL,NULL,NULL,NULL,NULL,697000
aldrico01,685341,685340,685340,NULL,NULL,NULL,2056021
nunnaja01,655632,NULL,NULL,NULL,NULL,NULL,655632
kanteen01,653556,NULL,NULL,NULL,NULL,NULL,653556
delfica01,650000,NULL,NULL,NULL,NULL,NULL,650000
morrima02,573295,NULL,NULL,NULL,NULL,Cap Space,573295
stausni01,540472,NULL,NULL,NULL,NULL,NULL,540472
gasolpa01,527467,NULL,NULL,NULL,NULL,NULL,527467
butleca01,517219,NULL,NULL,NULL,NULL,NULL,517219
qizh01,506134,NULL,NULL,NULL,NULL,NULL,506134
cabocbr01,487000,1845301,NULL,NULL,NULL,NULL,670211
johnsda04,459414,459414,459414,NULL,NULL,NULL,1378242
bouchch01,457418,1588231,NULL,NULL,NULL,NULL,457418
millema01,457418,1588231,NULL,NULL,NULL,NULL,457418
canaais01,456733,NULL,NULL,NULL,NULL,NULL,456733
sumneed01,449794,1588231,NULL,NULL,NULL,Two-Way Contract,449794
hammoaj01,350088,350087,350087,NULL,NULL,NULL,1050262
ellenhe01,341831,1645357,NULL,NULL,NULL,NULL,427289
ezelife01,333333,333333,NULL,NULL,NULL,NULL,666666
watsocj01,333333,333333,NULL,NULL,NULL,NULL,666666
mccawpa01,323529,NULL,NULL,NULL,NULL,NULL,323529
youngni01,311070,NULL,NULL,NULL,NULL,NULL,311070
breweco01,270496,NULL,NULL,NULL,NULL,NULL,2270496
breweco01,270496,NULL,NULL,NULL,NULL,NULL,270496
whiteok01,264919,NULL,NULL,NULL,NULL,NULL,264919
radulmi01,252043,NULL,NULL,NULL,NULL,NULL,252043
moreler01,239035,NULL,NULL,NULL,NULL,NULL,239035
adamsja01,236854,1416852,NULL,NULL,NULL,NULL,236854
acyqu01,213949,NULL,NULL,NULL,NULL,NULL,213949
harrian01,200000,NULL,NULL,NULL,NULL,NULL,200000
canaais01,198580,NULL,NULL,NULL,NULL,NULL,198580
joneste01,198580,NULL,NULL,NULL,NULL,NULL,198580
bertada02,194220,1416852,NULL,NULL,NULL,NULL,194220
spaldra01,184746,1416852,NULL,NULL,NULL,NULL,232117
cabocbr01,183211,NULL,NULL,NULL,NULL,NULL,670211
payneca01,177063,NULL,NULL,NULL,NULL,NULL,177063
bakerro01,170915,NULL,NULL,NULL,NULL,NULL,170915
frankja01,163296,NULL,NULL,NULL,NULL,NULL,163296
moorebe01,160096,NULL,NULL,NULL,NULL,NULL,160096
meeksjo01,122953,NULL,NULL,NULL,NULL,NULL,122953
willitr02,122741,122741,122741,122741,122741,NULL,613705
zellety01,106974,NULL,NULL,NULL,NULL,10-Day Contract,106974
jenkijo01,99290,NULL,NULL,NULL,NULL,NULL,198580
jenkijo01,99290,NULL,NULL,NULL,NULL,NULL,198580
jenkijo01,99290,NULL,NULL,NULL,NULL,NULL,99290
cartemi01,99290,NULL,NULL,NULL,NULL,10-Day Contract,99290
canaais01,99290,NULL,NULL,NULL,NULL,NULL,99290
reynoca01,94742,NULL,NULL,NULL,NULL,10-Day Contract,94742
creekmi01,94742,NULL,NULL,NULL,NULL,NULL,94742
johnsbj01,94742,NULL,NULL,NULL,NULL,10-Day Contract,94742
jacksde01,92857,92857,92857,92857,92857,NULL,557142
moreler01,88531,NULL,NULL,NULL,NULL,10-Day Contract,88531
ellenhe01,85458,NULL,NULL,NULL,NULL,NULL,427289
paytoga02,85458,NULL,NULL,NULL,NULL,NULL,85458
hopsosc01,85458,NULL,NULL,NULL,NULL,NULL,85458
cookech01,76236,NULL,NULL,NULL,NULL,10-Day Contract,76236
ingraan01,76236,NULL,NULL,NULL,NULL,10-Day Contract,76236
simmoko01,76236,NULL,NULL,NULL,NULL,NULL,76236
harrish01,50000,NULL,NULL,NULL,NULL,NULL,50000
greenga02,50000,NULL,NULL,NULL,NULL,NULL,50000
spaldra01,47371,NULL,NULL,NULL,NULL,NULL,232117
terryem01,47371,NULL,NULL,NULL,NULL,NULL,47371
solomri01,47371,NULL,NULL,NULL,NULL,NULL,47371
terryem01,47371,NULL,NULL,NULL,NULL,NULL,47371
bibbsju01,47371,NULL,NULL,NULL,NULL,10-Day Contract,47371
hicksst01,47371,NULL,NULL,NULL,NULL,NULL,47371
chiozch01,47371,NULL,NULL,NULL,NULL,NULL,47371
mccalta01,47371,NULL,NULL,NULL,NULL,NULL,47371
siberjo01,47371,NULL,NULL,NULL,NULL,NULL,47371
terryem01,35000,NULL,NULL,NULL,NULL,NULL,35000
willitr02,34183,NULL,NULL,NULL,NULL,NULL,34183
larrite01,6000,NULL,NULL,NULL,NULL,NULL,6000
yanyudi01,4737,NULL,NULL,NULL,NULL,NULL,4737